<?xml version="1.0" encoding="UTF-8" standalone="yes"?><SubmitObjectsRequest xmlns:ns2="urn:oasis:names:tc:ebxml-regrep:xsd:rim:3.0" xmlns="urn:ihe:iti:xds-b:2007" xmlns:ns4="urn:oasis:names:tc:ebxml-regrep:xsd:query:3.0" xmlns:ns3="urn:oasis:names:tc:ebxml-regrep:xsd:rs:3.0" xmlns:ns5="urn:oasis:names:tc:ebxml-regrep:xsd:lcm:3.0"><ns2:RegistryObjectList><ns2:ExtrinsicObject mimeType="text/xml" objectType="urn:uuid:7edca82f-054d-47f2-a032-9b2a5b5186c1" id="Document01"><ns2:Slot name="creationTime"><ns2:ValueList><ns2:Value>20051224000000</ns2:Value></ns2:ValueList></ns2:Slot><ns2:Slot name="languageCode"><ns2:ValueList><ns2:Value>en-us</ns2:Value></ns2:ValueList></ns2:Slot><ns2:Slot name="serviceStartTime"><ns2:ValueList><ns2:Value>20041223080000</ns2:Value></ns2:ValueList></ns2:Slot><ns2:Slot name="serviceStopTime"><ns2:ValueList><ns2:Value>20041223080100</ns2:Value></ns2:ValueList></ns2:Slot><ns2:Slot name="sourcePatientId"><ns2:ValueList><ns2:Value>1111111111^^^&amp;GSIHealth&amp;ISO</ns2:Value></ns2:ValueList></ns2:Slot><ns2:Slot name="sourcePatientInfo"><ns2:ValueList><ns2:Value>PID-3|1111111111^^^&amp;GSIHealth&amp;ISO</ns2:Value><ns2:Value>PID-5|Doe^John^^^</ns2:Value><ns2:Value>PID-7|19560527</ns2:Value><ns2:Value>PID-8|M</ns2:Value><ns2:Value>PID-11|100 Main St^^Metropolis^Il^44130^USA</ns2:Value></ns2:ValueList></ns2:Slot><ns2:Name><ns2:LocalizedString value="Physical"/></ns2:Name><ns2:Description/><ns2:Classification classificationScheme="urn:uuid:93606bcf-9494-43ec-9b4e-a7748d1a838d" classifiedObject="Document01" id="cl01"><ns2:Slot name="authorPerson"><ns2:ValueList><ns2:Value>vincent.lewis@gsihealth.com^Allscripts^Provider^^^^^^&amp;1.3.6.1.4.1.21367.3100.1&amp;ISO</ns2:Value></ns2:ValueList></ns2:Slot><ns2:Slot name="authorInstitution"><ns2:ValueList><ns2:Value>Cleveland Clinic</ns2:Value><ns2:Value>Parma Community</ns2:Value></ns2:ValueList></ns2:Slot><ns2:Slot name="authorRole"><ns2:ValueList><ns2:Value>Attending</ns2:Value></ns2:ValueList></ns2:Slot><ns2:Slot name="authorSpecialty"><ns2:ValueList><ns2:Value>Orthopedic</ns2:Value></ns2:ValueList></ns2:Slot></ns2:Classification><ns2:Classification classificationScheme="urn:uuid:41a5887f-8865-4c09-adf7-e362475b143a" classifiedObject="Document01" nodeRepresentation="History and Physical" id="cl02"><ns2:Slot name="codingScheme"><ns2:ValueList><ns2:Value>classCode</ns2:Value></ns2:ValueList></ns2:Slot><ns2:Name><ns2:LocalizedString value="History and Physical"/></ns2:Name></ns2:Classification><ns2:Classification classificationScheme="urn:uuid:f4f85eac-e6cb-4883-b524-f2705394840f" classifiedObject="Document01" nodeRepresentation="1.3.6.1.4.1.21367.2006.7.101" id="cl03"><ns2:Slot name="codingScheme"><ns2:ValueList><ns2:Value>Connect-a-thon confidentialityCodes</ns2:Value></ns2:ValueList></ns2:Slot><ns2:Name><ns2:LocalizedString value="Clinical-Staff"/></ns2:Name></ns2:Classification><ns2:Classification classificationScheme="urn:uuid:a09d5840-386c-46f2-b5ad-9c3699a4309d" classifiedObject="Document01" nodeRepresentation="CDAR2/IHE 1.0" id="cl04"><ns2:Slot name="codingScheme"><ns2:ValueList><ns2:Value>Connect-a-thon formatCodes</ns2:Value></ns2:ValueList></ns2:Slot><ns2:Name><ns2:LocalizedString value="CDAR2/IHE 1.0"/></ns2:Name></ns2:Classification><ns2:Classification classificationScheme="urn:uuid:f33fb8ac-18af-42cc-ae0e-ed0b0bdb91e1" classifiedObject="Document01" nodeRepresentation="Outpatient" id="cl05"><ns2:Slot name="codingScheme"><ns2:ValueList><ns2:Value>Connect-a-thon healthcareFacilityTypeCodes</ns2:Value></ns2:ValueList></ns2:Slot><ns2:Name><ns2:LocalizedString value="Outpatient"/></ns2:Name></ns2:Classification><ns2:Classification classificationScheme="urn:uuid:cccf5598-8b07-4b77-a05e-ae952c785ead" classifiedObject="Document01" nodeRepresentation="General Medicine" id="cl06"><ns2:Slot name="codingScheme"><ns2:ValueList><ns2:Value>Connect-a-thon practiceSettingCodes</ns2:Value></ns2:ValueList></ns2:Slot><ns2:Name><ns2:LocalizedString value="General Medicine"/></ns2:Name></ns2:Classification><ns2:Classification classificationScheme="urn:uuid:f0306f51-975f-434e-a61c-c59651d33983" classifiedObject="Document01" nodeRepresentation="34133-9" id="cl07"><ns2:Slot name="codingScheme"><ns2:ValueList><ns2:Value>LOINC</ns2:Value></ns2:ValueList></ns2:Slot><ns2:Name><ns2:LocalizedString value="Outpatient Evaluation And Management"/></ns2:Name></ns2:Classification><ns2:ExternalIdentifier registryObject="Document01" identificationScheme="urn:uuid:58a6f841-87b3-4a3e-92fd-a8ffeff98427" value="111111111^^&amp;2.16.840.1.113883.4.1&amp;ISO" id="ei01"><ns2:Name><ns2:LocalizedString value="XDSDocumentEntry.patientId"/></ns2:Name></ns2:ExternalIdentifier><ns2:ExternalIdentifier registryObject="Document01" identificationScheme="urn:uuid:2e82c1f6-a085-4c72-9da3-8640a32e42ab" value="1.3.6.1.4.1.21367.2005.3.9999.32" id="ei02"><ns2:Name><ns2:LocalizedString value="XDSDocumentEntry.uniqueId"/></ns2:Name></ns2:ExternalIdentifier></ns2:ExtrinsicObject><ns2:RegistryPackage id="SubmissionSet01"><ns2:Slot name="submissionTime"><ns2:ValueList><ns2:Value>20041225235050</ns2:Value></ns2:ValueList></ns2:Slot><ns2:Slot name="intendedRecipient"><ns2:ValueList><ns2:Value>|nhin-d@nologs.org^Smith^John^^^Dr^^^&amp;1.3.6.1.4.1.21367.3100.1&amp;ISO</ns2:Value></ns2:ValueList></ns2:Slot><ns2:Name><ns2:LocalizedString value="Physical"/></ns2:Name><ns2:Description><ns2:LocalizedString value="Annual physical"/></ns2:Description><ns2:Classification classificationScheme="urn:uuid:a7058bb9-b4e4-4307-ba5b-e3f0ab85e12d" classifiedObject="SubmissionSet01" id="cl08"><ns2:Slot name="authorPerson"><ns2:ValueList><ns2:Value>Sherry Dopplemeyer</ns2:Value></ns2:ValueList></ns2:Slot><ns2:Slot name="authorInstitution"><ns2:ValueList><ns2:Value>Cleveland Clinic</ns2:Value><ns2:Value>Berea Community</ns2:Value></ns2:ValueList></ns2:Slot><ns2:Slot name="authorRole"><ns2:ValueList><ns2:Value>Primary Surgon</ns2:Value></ns2:ValueList></ns2:Slot><ns2:Slot name="authorSpecialty"><ns2:ValueList><ns2:Value>Orthopedic</ns2:Value></ns2:ValueList></ns2:Slot></ns2:Classification><ns2:Classification classificationScheme="urn:uuid:aa543740-bdda-424e-8c96-df4873be8500" classifiedObject="SubmissionSet01" nodeRepresentation="History and Physical" id="cl09"><ns2:Slot name="codingScheme"><ns2:ValueList><ns2:Value>Connect-a-thon contentTypeCodes</ns2:Value></ns2:ValueList></ns2:Slot><ns2:Name><ns2:LocalizedString value="History and Physical"/></ns2:Name></ns2:Classification><ns2:ExternalIdentifier registryObject="SubmissionSet01" identificationScheme="urn:uuid:96fdda7c-d067-4183-912e-bf5ee74998a8" value="1.3.6.1.4.1.21367.2005.3.9999.33" id="ei03"><ns2:Name><ns2:LocalizedString value="XDSSubmissionSet.uniqueId"/></ns2:Name></ns2:ExternalIdentifier><ns2:ExternalIdentifier registryObject="SubmissionSet01" identificationScheme="urn:uuid:554ac39e-e3fe-47fe-b233-965d2a147832" value="3670984664" id="ei04"><ns2:Name><ns2:LocalizedString value="XDSSubmissionSet.sourceId"/></ns2:Name></ns2:ExternalIdentifier><ns2:ExternalIdentifier registryObject="SubmissionSet01" identificationScheme="urn:uuid:6b5aea1a-874d-4603-a4bc-96a0a7b38446" value="111111111^^^&amp;2.16.840.1.113883.4.1&amp;ISO" id="ei05"><ns2:Name><ns2:LocalizedString value="XDSSubmissionSet.patientId"/></ns2:Name></ns2:ExternalIdentifier></ns2:RegistryPackage><ns2:Classification classifiedObject="SubmissionSet01" classificationNode="urn:uuid:a54d6aa5-d40d-43f9-88c5-b4633d873bdd" id="cl10"/><ns2:Association associationType="HasMember" sourceObject="SubmissionSet01" targetObject="Document01" id="as01"><ns2:Slot name="SubmissionSetStatus"><ns2:ValueList><ns2:Value>Original</ns2:Value></ns2:ValueList></ns2:Slot></ns2:Association></ns2:RegistryObjectList></SubmitObjectsRequest>